product_name,description,initial_price,final_price,currency,in_stock,color,size,main_image,country_code,image_count,image_urls,model_number,other_attributes,product_id,root_category,category,brand,all_available_sizes
Junsun Android 13 Car Radio Stereo For Hundai Santa Fe 2 2006 2007 2008 2009 2010 2011 2012 Car Auto Radio Built-In Wireless Carplay For Apple & Android Auto 9 Inch Automotive Multimedia Touch Screen 2GB RAM 32GB ROM Car Intelligent Systems Head Unit With GPS Navigation DSP Bluetooth,Free Returns ‚úì Free Shipping‚úì. Junsun Android 13 Car Radio Stereo For Hundai Santa Fe 2 2006 2007 2008 2009 2010 2011 2012 Car Auto Radio Built-In Wireless Carplay For Apple & Android Auto 9 Inch Automotive Multimedia Touch Screen 2GB RAM 32GB ROM Car Intelligent Systems Head Unit With GPS Navigation DSP Bluetooth- Car Intelligence System at SHEIN.,148.6,105.5,USD,TRUE,WiFi 2+32GB,"9""",https://img.ltwebstatic.com/images3_spmp/2024/08/22/8d/1724320460505d5f92185ac1622479673d08b3e9b3.jpg,US,22,"[""https://us.shein.com/Junsun-Android-13-Car-Radio-Stereo-For-Hundai-Santa-Fe-2-2006-2007-2008-2009-2010-2011-2012-Car-Auto-Radio-Built-In-Wireless-Carplay-For-Apple-&amp;-Android-Auto-9-Inch-Automotive-Multimedia-Touch-Screen-2GB-RAM-32GB-ROM-Car-Intelligent-Systems-Head-Unit-With-GPS-Navigation-DSP-Bluetooth-p-39664424.html"",""https://img.ltwebstatic.com/images3_spmp/2024/08/22/8d/1724320460505d5f92185ac1622479673d08b3e9b3.jpg"",""https://img.ltwebstatic.com/images3_spmp/2024/08/09/f1/172316778009fd0861f68c0cb13fe77b99b191d1ed.jpg"",""https://img.ltwebstatic.com/images3_spmp/2024/07/18/4b/17212937852beb50ddc5d82ac122b4a9b876453212.jpg"",""https://img.ltwebstatic.com/images3_spmp/2024/08/22/49/172432039018e990cb4297a538de9521c5b0f70ffa.jpg"",""https://img.ltwebstatic.com/images3_spmp/2024/08/22/d0/17243203919ce3317d65efed1fb24196427fc7b79a.jpg"",""https://img.ltwebstatic.com/images3_spmp/2024/08/22/b8/1724320393bf41860edd59d00e5492102ec6b9d019.jpg"",""https://img.ltwebstatic.com/images3_spmp/2024/07/29/49/172224168560e00db488ec768ed0e8e56d14ee315f.jpg"",""https://img.ltwebstatic.com/images3_spmp/2024/07/29/49/1722241685401ebe9f81f198a2a289f3e6807662c4.jpg"",""https://img.ltwebstatic.com/images3_spmp/2024/08/22/49/17243203906f347d0a4e4eff566ba7d7d72fa28983.jpg"",""https://img.ltwebstatic.com/images3_spmp/2024/07/29/49/1722241685c41f8e8e67875f968bab039488a1041e.jpg"",""https://img.ltwebstatic.com/images3_spmp/2024/07/29/49/1722241685104e49b0e4dc2397d36b47925eb6cef7.jpg"",""https://img.ltwebstatic.com/images3_spmp/2024/08/09/e2/1723167784e210bb10150876867827b0d860a91aad.jpg"",""https://img.ltwebstatic.com/images3_spmp/2024/07/18/ea/17212937916ffa07955f0b4e5fad017b833e4c5e0e.jpg"",""https://img.ltwebstatic.com/images3_spmp/2024/08/22/26/1724320395eb10230ad17184b2be001803fac36914.jpg"",""https://img.ltwebstatic.com/images3_spmp/2024/08/22/0a/1724320397851ad5d737ed8fdc7f93dfdd5f4782ec.jpg"",""https://img.ltwebstatic.com/images3_spmp/2024/08/22/5a/17243203967886c71b275806d936241481721e813a.jpg"",""https://img.ltwebstatic.com/images3_spmp/2024/07/29/e0/1722241690a88c617484cfa92de9543f28ef2bf0aa.jpg"",""https://img.ltwebstatic.com/images3_spmp/2024/07/05/f9/1720169667933783bacc15a58cd0c7378fbe84f468.jpg"",""https://img.ltwebstatic.com/images3_spmp/2024/07/05/05/17201696685157527209a8fddb4b71a9c21a7d7cee.jpg"",""https://img.ltwebstatic.com/images3_spmp/2024/07/05/05/1720169668799b01680657cc49d551b77d2f25921d.jpg"",""https://img.ltwebstatic.com/images3_spmp/2024/08/22/55/17243203947f511e736f6e65250b47802a45c8a3d2.jpg""]",sq2407187482392488,"[{""name"":""Color"",""value"":""WiFi 2+32GB""},{""name"":""Type"",""value"":""Customized""},{""name"":""Display Size"",""value"":""9 Inch""},{""name"":""Touch Type"",""value"":""Capacitive Touch Screen""},{""name"":""Screen Resolution"",""value"":""720P""},{""name"":""CPU"",""value"":""Others""},{""name"":""System"",""value"":""Android""},{""name"":""CPU Core"",""value"":""Quad-Core""},{""name"":""ROM Memory Size"",""value"":""32GB""},{""name"":""RAM"",""value"":""2GB""},{""name"":""Language"",""value"":""English""},{""name"":""Language"",""value"":""French""},{""name"":""Language"",""value"":""Spanish""},{""name"":""Language"",""value"":""Portuguese""},{""name"":""Language"",""value"":""Arabic""},{""name"":""Language"",""value"":""German""},{""name"":""Language"",""value"":""Italian""},{""name"":""Language"",""value"":""Russian""},{""name"":""Language"",""value"":""Turkish""},{""name"":""Language"",""value"":""Hebrew""},{""name"":""Compatible Brand"",""value"":""Hyundai""},{""name"":""Batteries Included"",""value"":""No""},{""name"":""Connection Method"",""value"":""Wireless""},{""name"":""Connection Method"",""value"":""WiFi""},{""name"":""Material"",""value"":""Iron""},{""name"":""Certification"",""value"":""CE""}]",39664424,Automotive,Car Intelligence System,SHEIN,"[""9\""""]"
Couples TPU Black & Silver Car Anti-Drop Key Case + For Chevrolet Malibu XI/Corvette/Cruze/Trax/Sail Exclusive Use,Free Returns ‚úì Free Shipping‚úì. Couples TPU Black & Silver Car Anti-Drop Key Case + For Chevrolet Malibu XI/Corvette/Cruze/Trax/Sail Exclusive Use- Car Key Case at SHEIN.,2.3,2.3,USD,TRUE,Black,one-size,https://img.ltwebstatic.com/images3_spmp/2024/08/02/4a/1722580878d4864b8ed432eca43af9e8a9c2226916.jpg,US,15,"[""https://us.shein.com/TPU-Cherry-Blossom-Pink-Couples-Car-Anti-Drop-Key-Cover-Case-For-Chevrolet-Malibu-XI/Cavalier/Cruze/Trax/Sail-Dedicated-p-40121298.html"",""https://img.ltwebstatic.com/images3_spmp/2024/08/02/4a/1722580878d4864b8ed432eca43af9e8a9c2226916.jpg"",""https://img.ltwebstatic.com/images3_spmp/2024/08/02/4a/17225808781eea94b04d922480f5c79dd4c37e076d.jpg"",""https://img.ltwebstatic.com/images3_spmp/2024/08/02/51/17225808778f4c7e9685e93f00d0b47c16191b1f38.jpg"",""https://img.ltwebstatic.com/images3_spmp/2024/08/02/51/1722580877bada36afa8e0799708dc6088b5ddc184.jpg"",""https://img.ltwebstatic.com/images3_spmp/2024/08/02/51/17225808779c115457ec5a8accbbc1c02518cd2086.jpg"",""https://img.ltwebstatic.com/images3_spmp/2024/08/02/51/17225808774088f1f6ec3911453f4a84c16cb7f871.jpg"",""https://img.ltwebstatic.com/images3_spmp/2024/08/02/51/1722580877b806833348712dc5f5f408cb2f40e194.jpg"",""https://img.ltwebstatic.com/images3_spmp/2024/08/02/6e/172258091060406e15e4a6c14cd20f5eed91538a7f.jpg"",""https://img.ltwebstatic.com/images3_spmp/2024/08/02/6e/17225809108c0404b9818757554d37f5e76fd380b8.jpg"",""https://img.ltwebstatic.com/images3_spmp/2024/08/02/0a/1722580909a6d1203a73c0f5dbe044118bc2e18d9f.jpg"",""https://img.ltwebstatic.com/images3_spmp/2024/08/02/0a/172258090982cf61295be839764ff86e9e6d1c3544.jpg"",""https://img.ltwebstatic.com/images3_spmp/2024/08/02/0a/1722580909710461a71f24bc5ef3cbd1f5cafeb38a.jpg"",""https://img.ltwebstatic.com/images3_spmp/2024/08/02/0a/1722580909a8556d428c42b22e8db021d1fc29093c.jpg"",""https://img.ltwebstatic.com/images3_spmp/2024/08/02/0a/1722580909d48065196407e39eece57c37cc327632.jpg""]",sq2401038645847272,"[{""name"":""Batteries Included"",""value"":""No""},{""name"":""Power Supply"",""value"":""None""},{""name"":""Color"",""value"":""Black""},{""name"":""Type"",""value"":""Customized Car Key Case""},{""name"":""Compatible Brand"",""value"":""Chevrolet""},{""name"":""Material"",""value"":""TPU""}]",40121298,Automotive,Car Key Case,SHEIN,"[""one-size""]"
TPU Cherry Blossom Pink Couples Car Anti-Drop Key Cover Case For Chevrolet Malibu XI/Cavalier/Cruze/Trax/Sail Dedicated,Free Returns ‚úì Free Shipping‚úì. TPU Cherry Blossom Pink Couples Car Anti-Drop Key Cover Case For Chevrolet Malibu XI/Cavalier/Cruze/Trax/Sail Dedicated- Car Key Case at SHEIN.,2.3,2.07,USD,TRUE,Pink,one-size,https://img.ltwebstatic.com/images3_spmp/2024/01/03/0f/17042660505817d8c4099f36c551c99082ab4dc39c.jpg,US,15,"[""https://us.shein.com/TPU-Cherry-Blossom-Pink-Couples-Car-Anti-Drop-Key-Cover-Case-For-Chevrolet-Malibu-XI/Cavalier/Cruze/Trax/Sail-Dedicated-p-28620977.html"",""https://img.ltwebstatic.com/images3_spmp/2024/01/03/0f/17042660505817d8c4099f36c551c99082ab4dc39c.jpg"",""https://img.ltwebstatic.com/images3_spmp/2024/01/03/0f/1704266050bee052b40976a269428e88311e06cc5d.jpg"",""https://img.ltwebstatic.com/images3_spmp/2024/01/03/0f/17042660505f5cf6c2845435eacf2d0f0640c3618f.jpg"",""https://img.ltwebstatic.com/images3_spmp/2024/01/03/0f/170426605053de04162dd334e244d6dc4ee2d637b3.jpg"",""https://img.ltwebstatic.com/images3_spmp/2024/01/03/0f/17042660509e056370cc8fdc7c2d47e81fd592c689.jpg"",""https://img.ltwebstatic.com/images3_spmp/2024/01/03/f7/1704266049e4b2fef39f1d110fffa6bf978630ba31.jpg"",""https://img.ltwebstatic.com/images3_spmp/2024/01/03/0f/170426605029c602c4acb8d804e101522adcdc5067.jpg"",""https://img.ltwebstatic.com/images3_spmp/2024/01/03/7b/17042660990c04a47fae8da6cd5892ba9901716596.jpg"",""https://img.ltwebstatic.com/images3_spmp/2024/01/03/7b/1704266099f63aaf387dc7aafd4408bd92a834e16d.jpg"",""https://img.ltwebstatic.com/images3_spmp/2024/01/03/7b/17042660997307062cf1d4cf892684ab3afaf835ab.jpg"",""https://img.ltwebstatic.com/images3_spmp/2024/01/03/7b/17042660991e9a8be8d8822c2dbd602f31e3e3a6b4.jpg"",""https://img.ltwebstatic.com/images3_spmp/2024/01/03/7b/1704266099681e6ddcbe1a570a2a22baafbd8c70b1.jpg"",""https://img.ltwebstatic.com/images3_spmp/2024/01/03/7b/1704266099657ccb01cc374664936e06676ebcbc44.jpg"",""https://img.ltwebstatic.com/images3_spmp/2024/01/03/7b/1704266099e3ab11d89a921bc92bc0405d0d7bb3c1.jpg""]",sq2401038645818522,"[{""name"":""Batteries Included"",""value"":""No""},{""name"":""Power Supply"",""value"":""None""},{""name"":""Color"",""value"":""Pink""},{""name"":""Type"",""value"":""Customized Car Key Case""},{""name"":""Compatible Brand"",""value"":""Chevrolet""},{""name"":""Material"",""value"":""TPU""}]",28620977,Automotive,Car Key Case,SHEIN,"[""one-size""]"
Unbeatablesale 1467 Performer Series Accelerator Pump Assembly,Free Returns ‚úì Free Shipping‚úì. Unbeatablesale 1467 Performer Series Accelerator Pump Assembly- Car Replacement Parts at SHEIN.,35.33,35.33,USD,TRUE,Multicolor,one-size,https://img.ltwebstatic.com/images3_spmp/2024/06/17/fd/1718616995b182a51b7831b11bf4a7b90ac12a6406.jpg,US,3,"[""https://img.ltwebstatic.com/images3_spmp/2024/06/17/fd/1718616995b182a51b7831b11bf4a7b90ac12a6406.jpg"",""https://img.ltwebstatic.com/images3_spmp/2024/06/17/df/17186169980ba69da0f6b253ae776caf49803230a4.jpg"",""https://img.ltwebstatic.com/images3_spmp/2024/06/17/fd/1718616995b182a51b7831b11bf4a7b90ac12a6406.jpg""]",sq2406175534514401,"[{""name"":""Color"",""value"":""Multicolor""}]",36997693,Automotive,Car Replacement Parts,Unbeatablesale,"[""one-size""]"
Unbeatablesale 15 In. LH Tie Rod Tube Bent Short Stock Inner,Free Returns ‚úì Free Shipping‚úì. Unbeatablesale 15 In. LH Tie Rod Tube Bent Short Stock Inner- Car Replacement Parts at SHEIN.,51.29,51.29,USD,TRUE,Multicolor,one-size,https://img.ltwebstatic.com/images3_spmp/2024/08/03/a1/172262457656073ab7fcfa6e199943b9fdafccc17d.jpg,US,3,"[""https://img.ltwebstatic.com/images3_spmp/2024/08/03/a1/172262457656073ab7fcfa6e199943b9fdafccc17d.jpg"",""https://img.ltwebstatic.com/images3_spmp/2024/08/03/8e/17226245787bd3f6394c38e3e1ddc6c7b30b1c5e0a.jpg"",""https://img.ltwebstatic.com/images3_spmp/2024/08/03/a1/172262457656073ab7fcfa6e199943b9fdafccc17d.jpg""]",sq2408038295911229,"[{""name"":""Color"",""value"":""Multicolor""},{""name"":""Material"",""value"":""PP""}]",40086025,Automotive,Car Replacement Parts,Unbeatablesale,"[""one-size""]"
Unbeatablesale 21152 Exhaust Header Reducer - 3 To 2.5 In.,Free Returns ‚úì Free Shipping‚úì. Unbeatablesale 21152 Exhaust Header Reducer - 3 To 2.5 In.- Car Replacement Parts at SHEIN.,55.88,55.88,USD,TRUE,Red,one-size,https://img.ltwebstatic.com/images3_spmp/2024/08/03/8f/17226732495ddf1b874052c96b5a93699c440bc773.jpg,US,3,"[""https://img.ltwebstatic.com/images3_spmp/2024/08/03/8f/17226732495ddf1b874052c96b5a93699c440bc773.jpg"",""https://img.ltwebstatic.com/images3_spmp/2024/08/03/ce/172267325216a7a954631051dfce7c0dffb8c733e3.jpg"",""https://img.ltwebstatic.com/images3_spmp/2024/08/03/8f/17226732495ddf1b874052c96b5a93699c440bc773.jpg""]",sq2408031981386706,"[{""name"":""Color"",""value"":""Red""},{""name"":""Material"",""value"":""PP""}]",40061274,Automotive,Car Replacement Parts,Unbeatablesale,"[""one-size""]"
"Unbeatablesale 215R Alternator Bracket For Small Block Chevy Long Water Pump, Right Hand Mid-Mount","Free Returns ‚úì Free Shipping‚úì. Unbeatablesale 215R Alternator Bracket For Small Block Chevy Long Water Pump, Right Hand Mid-Mount- Car Replacement Parts at SHEIN.",73.16,73.16,USD,TRUE,Multicolor,one-size,https://img.ltwebstatic.com/images3_spmp/2024/08/03/ba/1722650397d68959f8d0b6b7cfd1de4e609e5d6ca8.jpg,US,3,"[""https://img.ltwebstatic.com/images3_spmp/2024/08/03/ba/1722650397d68959f8d0b6b7cfd1de4e609e5d6ca8.jpg"",""https://img.ltwebstatic.com/images3_spmp/2024/08/03/55/17226503999a4e923b8c1d893c6769a47d011559bc.jpg"",""https://img.ltwebstatic.com/images3_spmp/2024/08/03/ba/1722650397d68959f8d0b6b7cfd1de4e609e5d6ca8.jpg""]",sq2408031914187718,"[{""name"":""Color"",""value"":""Multicolor""},{""name"":""Material"",""value"":""PP""}]",40067156,Automotive,Car Replacement Parts,Unbeatablesale,"[""one-size""]"
Unbeatablesale 300 Pc. Snap Ring Assortment,Free Returns ‚úì Free Shipping‚úì. Unbeatablesale 300 Pc. Snap Ring Assortment- Car Replacement Parts at SHEIN.,32.43,32.43,USD,TRUE,Multicolor,one-size,https://img.ltwebstatic.com/images3_spmp/2024/08/03/f2/1722673561eee7ddf5a43107649f9b4bac43178dbc.jpg,US,3,"[""https://img.ltwebstatic.com/images3_spmp/2024/08/03/f2/1722673561eee7ddf5a43107649f9b4bac43178dbc.jpg"",""https://img.ltwebstatic.com/images3_spmp/2024/08/03/eb/1722673563d0bf82f96b34a25d23c1f860119e0ca7.jpg"",""https://img.ltwebstatic.com/images3_spmp/2024/08/03/f2/1722673561eee7ddf5a43107649f9b4bac43178dbc.jpg""]",sq2408031044250722,"[{""name"":""Color"",""value"":""Multicolor""},{""name"":""Material"",""value"":""PP""}]",40119439,Automotive,Car Replacement Parts,Unbeatablesale,"[""one-size""]"
"Unbeatablesale Hyperco 185A0850 2.25 In. ID X 5 In. Coil Over Spring - Blue Powdercoated,; 850 Lbs","Free Returns ‚úì Free Shipping‚úì. Unbeatablesale Hyperco 185A0850 2.25 In. ID X 5 In. Coil Over Spring - Blue Powdercoated,; 850 Lbs- Car Replacement Parts at SHEIN.",107.64,107.64,USD,TRUE,Multicolor,one-size,https://img.ltwebstatic.com/images3_spmp/2024/08/11/a4/17233651488d698a04d13b4ed5c3178d8c6f73f245.jpg,US,3,"[""https://img.ltwebstatic.com/images3_spmp/2024/08/11/a4/17233651488d698a04d13b4ed5c3178d8c6f73f245.jpg"",""https://img.ltwebstatic.com/images3_spmp/2024/08/11/a4/17233651488d698a04d13b4ed5c3178d8c6f73f245.jpg"",""https://img.ltwebstatic.com/images3_spmp/2024/08/11/a4/17233651488d698a04d13b4ed5c3178d8c6f73f245.jpg""]",sq2408118774763052,"[{""name"":""Color"",""value"":""Multicolor""},{""name"":""Material"",""value"":""PP""}]",40570190,Automotive,Car Replacement Parts,Unbeatablesale,"[""one-size""]"
Unbeatablesale K-Source KSI81850 Snap & Zap Towing Mirror Extension Set With Storage Bag,Free Returns ‚úì Free Shipping‚úì. Unbeatablesale K-Source KSI81850 Snap & Zap Towing Mirror Extension Set With Storage Bag- Car Replacement Parts at SHEIN.,81.64,81.64,USD,TRUE,Multicolor,one-size,https://img.ltwebstatic.com/images3_spmp/2024/08/12/e2/172339392851a1b2165a34c440a7677d66a68684ab.jpg,US,3,"[""https://img.ltwebstatic.com/images3_spmp/2024/08/12/e2/172339392851a1b2165a34c440a7677d66a68684ab.jpg"",""https://img.ltwebstatic.com/images3_spmp/2024/08/12/e2/172339392851a1b2165a34c440a7677d66a68684ab.jpg"",""https://img.ltwebstatic.com/images3_spmp/2024/08/12/e2/172339392851a1b2165a34c440a7677d66a68684ab.jpg""]",sq2408138988411789,"[{""name"":""Color"",""value"":""Multicolor""},{""name"":""Material"",""value"":""PP""}]",40660511,Automotive,Car Replacement Parts,Unbeatablesale,"[""one-size""]"
Unbeatablesale K6145T Front Non-Adjustable Lower Press-In Type Ball Joint For 1970-2002 Chevrolet Camaro,Free Returns ‚úì Free Shipping‚úì. Unbeatablesale K6145T Front Non-Adjustable Lower Press-In Type Ball Joint For 1970-2002 Chevrolet Camaro- Car Replacement Parts at SHEIN.,41.83,41.83,USD,TRUE,Multicolor,one-size,https://img.ltwebstatic.com/images3_spmp/2024/08/02/ff/172254024462e82b1b5e118ca5369952bdd60a369c.jpg,US,3,"[""https://img.ltwebstatic.com/images3_spmp/2024/08/02/ff/172254024462e82b1b5e118ca5369952bdd60a369c.jpg"",""https://img.ltwebstatic.com/images3_spmp/2024/08/02/eb/1722540246e18653705d22a3ab01cb3520c5337b26.jpg"",""https://img.ltwebstatic.com/images3_spmp/2024/08/02/ff/172254024462e82b1b5e118ca5369952bdd60a369c.jpg""]",sq2408027779487797,"[{""name"":""Color"",""value"":""Multicolor""},{""name"":""Material"",""value"":""PP""}]",40015999,Automotive,Car Replacement Parts,Unbeatablesale,"[""one-size""]"
Unbeatablesale PAC Racing Springs PACPAC-R363 Valve Spring Retainers - C-M Steel - 7 Deg,Free Returns ‚úì Free Shipping‚úì. Unbeatablesale PAC Racing Springs PACPAC-R363 Valve Spring Retainers - C-M Steel - 7 Deg- Car Replacement Parts at SHEIN.,104.35,104.35,USD,TRUE,Multicolor,one-size,https://img.ltwebstatic.com/images3_spmp/2024/07/12/c8/17207787565cf3373c3a8e5604d53dc60eaa688dad.jpg,US,3,"[""https://img.ltwebstatic.com/images3_spmp/2024/07/12/c8/17207787565cf3373c3a8e5604d53dc60eaa688dad.jpg"",""https://img.ltwebstatic.com/images3_spmp/2024/07/12/c8/17207787565cf3373c3a8e5604d53dc60eaa688dad.jpg"",""https://img.ltwebstatic.com/images3_spmp/2024/07/12/c8/17207787565cf3373c3a8e5604d53dc60eaa688dad.jpg""]",sq2407124977744374,"[{""name"":""Color"",""value"":""Multicolor""},{""name"":""Material"",""value"":""PP""}]",38588575,Automotive,Car Replacement Parts,Unbeatablesale,"[""one-size""]"
"Unbeatablesale Taiwan Fu Hsing Industrial 221752 Tru-Guard Castle Electronic Deadbolt Lock, Polished Brass","Free Returns ‚úì Free Shipping‚úì. Unbeatablesale Taiwan Fu Hsing Industrial 221752 Tru-Guard Castle Electronic Deadbolt Lock, Polished Brass- Car Replacement Parts at SHEIN.",71.13,71.13,USD,TRUE,Multicolor,one-size,https://img.ltwebstatic.com/images3_spmp/2024/07/26/ca/172199015175adf3a50af757ac6c9eea3a231cb76d.jpg,US,3,"[""https://img.ltwebstatic.com/images3_spmp/2024/07/26/ca/172199015175adf3a50af757ac6c9eea3a231cb76d.jpg"",""https://img.ltwebstatic.com/images3_spmp/2024/07/26/ca/172199015175adf3a50af757ac6c9eea3a231cb76d.jpg"",""https://img.ltwebstatic.com/images3_spmp/2024/07/26/ca/172199015175adf3a50af757ac6c9eea3a231cb76d.jpg""]",sq2407267826616349,"[{""name"":""Color"",""value"":""Multicolor""},{""name"":""Material"",""value"":""PP""}]",39699343,Automotive,Car Replacement Parts,Unbeatablesale,"[""one-size""]"
Unbeatablesale TRANSDAPT 9064 Oil Drain Plug,Free Returns ‚úì Free Shipping‚úì. Unbeatablesale TRANSDAPT 9064 Oil Drain Plug- Car Replacement Parts at SHEIN.,27.82,27.82,USD,TRUE,Multicolor,one-size,https://img.ltwebstatic.com/images3_spmp/2024/08/09/57/17231889870ae04b9fe3b1348e5d5951243177517e.jpg,US,3,"[""https://img.ltwebstatic.com/images3_spmp/2024/08/09/57/17231889870ae04b9fe3b1348e5d5951243177517e.jpg"",""https://img.ltwebstatic.com/images3_spmp/2024/08/09/57/17231889870ae04b9fe3b1348e5d5951243177517e.jpg"",""https://img.ltwebstatic.com/images3_spmp/2024/08/09/57/17231889870ae04b9fe3b1348e5d5951243177517e.jpg""]",sq2408102133292927,"[{""name"":""Color"",""value"":""Multicolor""},{""name"":""Material"",""value"":""PP""}]",40545392,Automotive,Car Replacement Parts,Unbeatablesale,"[""one-size""]"
"Jewelry Box Case,Women's Keychain,Traveling Jewelry Holder Storage, Pill Box Keychain Container,Travel Jewelry Case Organizer Portable Ring Box Container Storage For Women Men Carrying Earrings Necklaces On Trip,Jewelry Box Case, Traveling Jewelry Holder Storage, For Car Keys, Mobile Phones, Cameras, Wallets, ID Cards, Badge Cards, Wristband Keychains,Suitable Gift For Girls, Boys, Men And Women, College, High School And Sports Rings. Anniversary, Birthdays, Christmas, Valentines Day","Free Returns ‚úì Free Shipping‚úì. Jewelry Box Case,Women's Keychain,Traveling Jewelry Holder Storage, Pill Box Keychain Container,Travel Jewelry Case Organizer Portable Ring Box Container Storage For Women Men Carrying Earrings Necklaces On Trip,Jewelry Box Case, Traveling Jewelry Holder Storage, For Car Keys, Mobile Phones, Cameras, Wallets, ID Cards, Badge Cards, Wristband Keychains,Suitable Gift For Girls, Boys, Men And Women, College, High School And Sports Rings. Anniversary, Birthdays, Christmas, Valentines Day- Bag Charms at SHEIN.",2.4,2.2,USD,TRUE,Multicolor,Pink,https://img.ltwebstatic.com/images3_spmp/2024/08/16/6f/172378972134066474a95e1bb2b5446a1816096d75.jpg,US,12,"[""https://img.ltwebstatic.com/images3_spmp/2024/08/16/6f/172378972134066474a95e1bb2b5446a1816096d75.jpg"",""https://img.ltwebstatic.com/images3_spmp/2024/08/16/6f/1723789721d6681d0bebaea205dcb463a20f668197.jpg"",""https://img.ltwebstatic.com/images3_spmp/2024/08/16/6f/172378972164e239a923abe130ae501929c117f2ee.jpg"",""https://img.ltwebstatic.com/images3_spmp/2024/08/16/58/172378972058d2535d933942c1b7a522f220b77551.jpg"",""https://img.ltwebstatic.com/images3_spmp/2024/08/16/6f/1723789721ea1b1b59709057b2a10d1fcca58881f9.jpg"",""https://img.ltwebstatic.com/images3_spmp/2024/08/16/6f/1723789721c3f598ad9df0055659e90a64e6fb3b3d.jpg"",""https://img.ltwebstatic.com/images3_spmp/2024/08/16/7d/172378981369c93d1c3bbdde4f45f155882581762d.jpg"",""https://img.ltwebstatic.com/images3_spmp/2024/08/16/1f/1723789814368f4238b3698588bd924d96e00a5efc.jpg"",""https://img.ltwebstatic.com/images3_spmp/2024/08/16/1f/1723789814b37ed9af81f487f6cda50465a7b0d1b2.jpg"",""https://img.ltwebstatic.com/images3_spmp/2024/08/16/7d/172378981303635c5828749b746dd104c762199bfd.jpg"",""https://img.ltwebstatic.com/images3_spmp/2024/08/16/1f/1723789814bd53c08021a4cc14de0edc6e9aca0c0e.jpg"",""https://img.ltwebstatic.com/images3_spmp/2024/08/16/1f/17237898146100b006ed67a9d00683943bfd2fec76.jpg""]",sg2408166899539195,"[{""name"":""Color"",""value"":""Multicolor""},{""name"":""Pattern Type"",""value"":""Colorblock""},{""name"":""Pattern Type"",""value"":""Plain""},{""name"":""Material"",""value"":""PP""},{""name"":""Gender"",""value"":""Men""},{""name"":""Gender"",""value"":""Women""}]",41043698,Bags & Luggage,Bag Charms,SHEIN,"[""Pink""]"
"ROMWE Goth 1pc Unique Purple Pumpkin Bell,  Hat, Skeleton Hand, Black Star Woven Rope Bag Charm & Keychain, Suitable For Daily Wear And Holiday Gifts","Free Returns ‚úì Free Shipping‚úì. ROMWE Goth 1pc Unique Purple Pumpkin Bell,  Hat, Skeleton Hand, Black Star Woven Rope Bag Charm & Keychain, Suitable For Daily Wear And Holiday Gifts- Bag Charms at SHEIN.",2.9,2.7,USD,TRUE,Purple,M,https://img.ltwebstatic.com/images3_pi/2024/08/05/2a/1722846198002927701cf6fccf68e9db5cff291bf1_wk_shein.jpg,US,8,"[""https://img.ltwebstatic.com/images3_pi/2024/08/05/2a/1722846198002927701cf6fccf68e9db5cff291bf1_wk_shein.jpg"",""https://img.ltwebstatic.com/images3_pi/2024/07/30/8b/1722308928dd0cb69395dae2558d9ddf6eb306d81f_wk_shein.jpg"",""https://img.ltwebstatic.com/images3_pi/2024/07/30/c5/1722308931e0cc775b9b816f0f05a95945b44f60ef_wk_shein.jpg"",""https://img.ltwebstatic.com/images3_pi/2024/07/30/93/1722308934f153160bea4d05d5208665d59978b704_wk_shein.jpg"",""https://img.ltwebstatic.com/images3_pi/2024/07/30/f7/1722308944b0f67c1abf03b6232b04a0ab85ce3bd2_wk_shein.jpg"",""https://img.ltwebstatic.com/images3_pi/2024/07/30/85/172230895188d335b271be63bb232a1045c45e3bef_wk_shein.jpg"",""https://img.ltwebstatic.com/images3_pi/2024/07/30/01/1722308954d45d8320f82bb8eca7f4f5825183b83a_wk_shein.jpg"",""https://img.ltwebstatic.com/images3_pi/2024/07/30/87/17223089574c13eb7446fe8f3b0485a368693b8689_wk_shein.jpg""]",sg2407292931996899,"[{""name"":""Color"",""value"":""Purple""},{""name"":""Pattern Type"",""value"":""Figure""},{""name"":""Pattern Type"",""value"":""Geometric""},{""name"":""Pattern Type"",""value"":""Halloween""},{""name"":""Pattern Type"",""value"":""Letter""},{""name"":""Pattern Type"",""value"":""Plants""},{""name"":""Material"",""value"":""Zinc Alloy""},{""name"":""Gender"",""value"":""Women""},{""name"":""Gender"",""value"":""Girls""}]",39735753,Bags & Luggage,Bag Charms,ROMWE,"[""M""]"
"1pc Travel Portable Door Lock, Reliable Safety For Travel And Hotel Stays, Provides Extra Privacy And Security Against Unauthorized Entry For Homes, Hotels, And Apartments Travel Essentials School Back To School School Supplies Holiday Camping Holiday Essentials Vacation Accessories Mini Summer","Free Returns ‚úì Free Shipping‚úì. 1pc Travel Portable Door Lock, Reliable Safety For Travel And Hotel Stays, Provides Extra Privacy And Security Against Unauthorized Entry For Homes, Hotels, And Apartments Travel Essentials School Back To School School Supplies Holiday Camping Holiday Essentials Vacation Accessories Mini Summer- Cipher Locks at SHEIN.",4,3.8,USD,TRUE,Multicolor,one-size,https://img.ltwebstatic.com/images3_spmp/2024/08/09/2e/17231981258bfda4979cd0c12b3d83e5fd290bea66.jpg,US,4,"[""https://img.ltwebstatic.com/images3_spmp/2024/08/09/2e/17231981258bfda4979cd0c12b3d83e5fd290bea66.jpg"",""https://img.ltwebstatic.com/images3_spmp/2024/08/09/19/1723198124e4a71b5d7717c327ad9402cb2d989af3.jpg"",""https://img.ltwebstatic.com/images3_spmp/2024/08/09/8f/1723198126789fdb34c24c5c02448ef4590822931f.jpg"",""https://img.ltwebstatic.com/images3_spmp/2024/08/09/2e/1723198125327f3b9d9ee26a05ad7279b7e1500136.jpg""]",sg2408095949594202,"[{""name"":""Color"",""value"":""Multicolor""},{""name"":""Type"",""value"":""TSA Lock""},{""name"":""Pattern Type"",""value"":""Colorblock""},{""name"":""Pattern Type"",""value"":""Letter""},{""name"":""Pattern Type"",""value"":""Plain""},{""name"":""Material"",""value"":""Iron""},{""name"":""Power Supply"",""value"":""None""},{""name"":""Plating"",""value"":""No Precious Metal Plated""},{""name"":""Gender"",""value"":""Men""},{""name"":""Gender"",""value"":""Women""}]",40616315,Bags & Luggage,Cipher Locks,SHEIN,"[""one-size""]"
Unbeatablesale Tapestry Coin Purse With Clasp - Cat,Free Returns ‚úì Free Shipping‚úì. Unbeatablesale Tapestry Coin Purse With Clasp - Cat- Coin Purses at SHEIN.,18.25,18.25,USD,TRUE,Multicolor,one-size,https://img.ltwebstatic.com/images3_spmp/2024/07/25/f1/17218861305dec5e94fb06daddd01194d305fd2792.jpg,US,3,"[""https://img.ltwebstatic.com/images3_spmp/2024/07/25/f1/17218861305dec5e94fb06daddd01194d305fd2792.jpg"",""https://img.ltwebstatic.com/images3_spmp/2024/07/25/f1/17218861305dec5e94fb06daddd01194d305fd2792.jpg"",""https://img.ltwebstatic.com/images3_spmp/2024/07/25/f1/17218861305dec5e94fb06daddd01194d305fd2792.jpg""]",sg2407252656246225,"[{""name"":""Style"",""value"":""Elegant""},{""name"":""Style"",""value"":""Vintage""},{""name"":""Style"",""value"":""Fashionable""},{""name"":""Closure Type"",""value"":""Kiss Lock""},{""name"":""Color"",""value"":""Multicolor""},{""name"":""Material"",""value"":""PP""},{""name"":""Pattern Type"",""value"":""Animal""}]",39649797,Bags & Luggage,Coin Purses,Unbeatablesale,"[""one-size""]"
"1set Includes 1pc Black Electronic Organizer Travel Case And 6pcs Silicone Cable Ties, Travel Essentials Bag, Cable, Charging Cable, External Hard Drive, Portable Power Bank (With Random Zipper), Suitable For Headphones, Phone Chargers, Mice, Audio, Computers, Reusable Cable Ties, And Cable Organizers For Home, Office, Kitchen, And School Use","Free Returns ‚úì Free Shipping‚úì. 1set Includes 1pc Black Electronic Organizer Travel Case And 6pcs Silicone Cable Ties, Travel Essentials Bag, Cable, Charging Cable, External Hard Drive, Portable Power Bank (With Random Zipper), Suitable For Headphones, Phone Chargers, Mice, Audio, Computers, Reusable Cable Ties, And Cable Organizers For Home, Office, Kitchen, And School Use- Digital Bags at SHEIN.",6.7,6.3,USD,TRUE,Multicolor,1 Black Digital Bag and 6 Storage Straps,https://img.ltwebstatic.com/images3_spmp/2024/08/19/74/1724060919c4235692a3c1e0efb9bb1cbb3e870004.jpg,US,15,"[""https://img.ltwebstatic.com/images3_spmp/2024/08/19/74/1724060919c4235692a3c1e0efb9bb1cbb3e870004.jpg"",""https://img.ltwebstatic.com/images3_spmp/2024/08/19/9b/1724053922bbfd1fd2511f42eb2263704a46dec02b.jpg"",""https://img.ltwebstatic.com/images3_spmp/2024/08/19/18/1724053990564107fc8b2fee195c3091ba8373c6d8.jpg"",""https://img.ltwebstatic.com/images3_spmp/2024/08/19/a0/172405399265634c7179c02110f386b1a056c15b84.jpg"",""https://img.ltwebstatic.com/images3_spmp/2024/08/19/fa/1724053934d4ee5b82f6ca04826e30ff8f60398906.jpg"",""https://img.ltwebstatic.com/images3_spmp/2024/08/19/4b/1724053930d1b344939fafef9a070b1f0754d03165.jpg"",""https://img.ltwebstatic.com/images3_spmp/2024/08/19/9a/1724053935b8fa69eaee1f431df13fb3e8245a2580.jpg"",""https://img.ltwebstatic.com/images3_spmp/2024/08/19/58/1724053936cc7943a272ba8a249eb0f6edf24a6192.jpg"",""https://img.ltwebstatic.com/images3_spmp/2024/08/19/0d/17240539330ce7f8096476247d91f3c3f8a22f60e8.jpg"",""https://img.ltwebstatic.com/images3_spmp/2024/08/19/b5/1724054008a0a286c9b878f5c17ff2cd52abbdde0a.jpg"",""https://img.ltwebstatic.com/images3_spmp/2024/08/19/32/1724053923629a400a74db305a63499bece684bfec.jpg"",""https://img.ltwebstatic.com/images3_spmp/2024/08/19/e8/1724060909f097833f46c0e90128a7e61433d0193f.jpg"",""https://img.ltwebstatic.com/images3_spmp/2024/08/19/6c/1724053918e284d9329586b7f95fcfa280868017ed.jpg"",""https://img.ltwebstatic.com/images3_spmp/2024/08/19/4d/17240539205122eb91c03d75ba9575ab79341a25d8.jpg"",""https://img.ltwebstatic.com/images3_spmp/2024/08/19/4d/1724053920f6148e56c56e4cddc64854cf02c7cee2.jpg""]",sg2305306057554606,"[{""name"":""Details"",""value"":""Chain""},{""name"":""Details"",""value"":""Flowers""},{""name"":""Color"",""value"":""Multicolor""},{""name"":""Pattern Type"",""value"":""Graphic""},{""name"":""Pattern Type"",""value"":""Letter""},{""name"":""Pattern Type"",""value"":""Plain""},{""name"":""Strap Type"",""value"":""Top Handle""},{""name"":""Closure Type"",""value"":""Zipper""},{""name"":""Material"",""value"":""Polyester""},{""name"":""Composition"",""value"":""100% Polyester""},{""name"":""Gender"",""value"":""Boys""},{""name"":""Gender"",""value"":""Men""},{""name"":""Gender"",""value"":""Women""},{""name"":""Gender"",""value"":""Girls""}]",41182682,Bags & Luggage,Digital Bags,SHEIN,"[""1 Black Digital Bag and 6 Storage Straps""]"
"Electronics Organizer Travel Case, Carrying Pouch Bag For Travel Essentials, For Cable, Charging Cord, External Hard Drive, Portable Power Bank(Zipper Random) Charger Case For Business,Travel,School,College,Office School Supplies School Accessaries Back To School Universty Students","Free Returns ‚úì Free Shipping‚úì. Electronics Organizer Travel Case, Carrying Pouch Bag For Travel Essentials, For Cable, Charging Cord, External Hard Drive, Portable Power Bank(Zipper Random) Charger Case For Business,Travel,School,College,Office School Supplies School Accessaries Back To School Universty Students- Digital Bags at SHEIN.",6.6,6.2,USD,TRUE,Grey,one-size,https://img.ltwebstatic.com/images3_spmp/2023/05/30/1685429086dbff0e5a5dc0762a69c281e93df99200.jpg,US,7,"[""https://img.ltwebstatic.com/images3_spmp/2023/05/30/1685429086dbff0e5a5dc0762a69c281e93df99200.jpg"",""https://img.ltwebstatic.com/images3_spmp/2023/05/30/1685429086617f972fa0fa6714d3b27be35f55029a.jpg"",""https://img.ltwebstatic.com/images3_spmp/2023/05/30/1685429086f247fba3b9b715248244615e691b74a6.jpg"",""https://img.ltwebstatic.com/images3_spmp/2023/05/30/16854290865141e444dfb38072fd5f6a03f56fa82f.jpg"",""https://img.ltwebstatic.com/images3_spmp/2023/05/30/1685429087e92c3cf7cf54811dd81d0895ef47ca52.jpg"",""https://img.ltwebstatic.com/images3_spmp/2023/05/30/1685429086152f573adb5abe4fa8aa9de3b9308592.jpg"",""https://img.ltwebstatic.com/images3_spmp/2023/05/30/16854290877f55b3f60ac83919bb2ac97ab2664268.jpg""]",sg2305306057510317,"[{""name"":""Details"",""value"":""Chain""},{""name"":""Details"",""value"":""Flowers""},{""name"":""Color"",""value"":""Grey""},{""name"":""Pattern Type"",""value"":""Graphic""},{""name"":""Pattern Type"",""value"":""Letter""},{""name"":""Pattern Type"",""value"":""Plain""},{""name"":""Strap Type"",""value"":""Top Handle""},{""name"":""Closure Type"",""value"":""Zipper""},{""name"":""Material"",""value"":""Polyester""},{""name"":""Composition"",""value"":""100% Polyester""},{""name"":""Gender"",""value"":""Boys""},{""name"":""Gender"",""value"":""Men""},{""name"":""Gender"",""value"":""Women""},{""name"":""Gender"",""value"":""Girls""}]",17025598,Bags & Luggage,Digital Bags,SHEIN,"[""one-size""]"
"Electronics Organizer Travel Case, Carrying Pouch Bag For Travel Essentials, For Cable, Charging Cord, External Hard Drive, Portable Power Bank(Zipper Random)Storage Case Cable Bag Digital Bag Charger Case For Business,Travel,School,College,Office School Supplies School Accessaries Back To School Universty Students Organizer","Free Returns ‚úì Free Shipping‚úì. Electronics Organizer Travel Case, Carrying Pouch Bag For Travel Essentials, For Cable, Charging Cord, External Hard Drive, Portable Power Bank(Zipper Random)Storage Case Cable Bag Digital Bag Charger Case For Business,Travel,School,College,Office School Supplies School Accessaries Back To School Universty Students Organizer- Digital Bags at SHEIN.",7.2,6.7,USD,TRUE,Black,one-size,https://img.ltwebstatic.com/images3_spmp/2023/05/30/1685429280e4bb574fbdf5cf5d9668f3d5c2156409.jpg,US,7,"[""https://img.ltwebstatic.com/images3_spmp/2023/05/30/1685429280e4bb574fbdf5cf5d9668f3d5c2156409.jpg"",""https://img.ltwebstatic.com/images3_spmp/2023/05/30/16854292807a1b62774cb01c7827269f077fcc932e.jpg"",""https://img.ltwebstatic.com/images3_spmp/2023/05/30/1685429280267cc02a6fe02fa25a284271f03d4b07.jpg"",""https://img.ltwebstatic.com/images3_spmp/2023/05/30/1685429281ac316951812063b9353655382611fd1b.jpg"",""https://img.ltwebstatic.com/images3_spmp/2023/05/30/16854292816fbe903267295f1b29c4723e7d665576.jpg"",""https://img.ltwebstatic.com/images3_spmp/2023/05/30/168542928101e79ee0ea461acde8429c2f5d56755b.jpg"",""https://img.ltwebstatic.com/images3_spmp/2023/05/30/1685429281225ef2763fbfcf8c96f93b33140413ea.jpg""]",sg2305306057520451,"[{""name"":""Details"",""value"":""Chain""},{""name"":""Details"",""value"":""Flowers""},{""name"":""Color"",""value"":""Black""},{""name"":""Pattern Type"",""value"":""Graphic""},{""name"":""Pattern Type"",""value"":""Letter""},{""name"":""Pattern Type"",""value"":""Plain""},{""name"":""Strap Type"",""value"":""Top Handle""},{""name"":""Closure Type"",""value"":""Zipper""},{""name"":""Material"",""value"":""Polyester""},{""name"":""Composition"",""value"":""100% Polyester""},{""name"":""Gender"",""value"":""Boys""},{""name"":""Gender"",""value"":""Men""},{""name"":""Gender"",""value"":""Women""},{""name"":""Gender"",""value"":""Girls""}]",17025573,Bags & Luggage,Digital Bags,SHEIN,"[""one-size""]"
"Electronics Organizer Travel Case, Carrying Pouch Bag For Travel Essentials, For Cable, Charging Cord, External Hard Drive, Portable Power Bank(Zipper Random)Storage Case Cable Bag Digital Bag Charger Case For Business,Travel,School,College,Office School Supplies School Accessaries Back To School Universty Students Organizer","Free Returns ‚úì Free Shipping‚úì. Electronics Organizer Travel Case, Carrying Pouch Bag For Travel Essentials, For Cable, Charging Cord, External Hard Drive, Portable Power Bank(Zipper Random)Storage Case Cable Bag Digital Bag Charger Case For Business,Travel,School,College,Office School Supplies School Accessaries Back To School Universty Students Organizer- Digital Bags at SHEIN.",7.3,6.8,USD,TRUE,Pink,one-size,https://img.ltwebstatic.com/images3_spmp/2023/05/30/16854294623e2ac19f364932768ccfb38236a97e21.jpg,US,7,"[""https://img.ltwebstatic.com/images3_spmp/2023/05/30/16854294623e2ac19f364932768ccfb38236a97e21.jpg"",""https://img.ltwebstatic.com/images3_spmp/2023/05/30/16854294627efa20b40a30a97024aaa6afba169a2a.jpg"",""https://img.ltwebstatic.com/images3_spmp/2023/05/30/1685429462e2c553a64b79b39a69324e6369458412.jpg"",""https://img.ltwebstatic.com/images3_spmp/2023/05/30/16854294638563643119304a03a98fb9a2faab83e4.jpg"",""https://img.ltwebstatic.com/images3_spmp/2023/05/30/16854294637b3dd04e90a34213d8ebc98135762ad0.jpg"",""https://img.ltwebstatic.com/images3_spmp/2023/05/30/16854294629ed6e395b2ef35d845210c2d474f4425.jpg"",""https://img.ltwebstatic.com/images3_spmp/2023/05/30/1685429463bed35419c05db5ef2f63e9656511ecf0.jpg""]",sg2305306057505058,"[{""name"":""Details"",""value"":""Chain""},{""name"":""Details"",""value"":""Flowers""},{""name"":""Color"",""value"":""Pink""},{""name"":""Pattern Type"",""value"":""Graphic""},{""name"":""Pattern Type"",""value"":""Letter""},{""name"":""Pattern Type"",""value"":""Plain""},{""name"":""Strap Type"",""value"":""Top Handle""},{""name"":""Closure Type"",""value"":""Zipper""},{""name"":""Material"",""value"":""Polyester""},{""name"":""Composition"",""value"":""100% Polyester""},{""name"":""Gender"",""value"":""Boys""},{""name"":""Gender"",""value"":""Men""},{""name"":""Gender"",""value"":""Women""},{""name"":""Gender"",""value"":""Girls""}]",17025587,Bags & Luggage,Digital Bags,SHEIN,"[""one-size""]"
20in Hardside ABS Cabin Suitcase Spinner Travel Luggage Trolley Lightweight Case,Free Returns ‚úì Free Shipping‚úì. 20in Hardside ABS Cabin Suitcase Spinner Travel Luggage Trolley Lightweight Case- Luggage Sets at SHEIN.,98.99,68.99,USD,TRUE,Multicolor,32 inch,https://img.ltwebstatic.com/images3_spmp/2024/07/29/ca/1722248892731205deb73ad49ffa0f8adb7019f951_square.jpg,US,4,"[""https://img.ltwebstatic.com/images3_spmp/2024/07/29/ca/1722248892731205deb73ad49ffa0f8adb7019f951_square.jpg"",""https://img.ltwebstatic.com/images3_spmp/2024/07/29/51/172224889374da6d4a522ece9d1e3fe4773e76fe57_square.jpg"",""https://img.ltwebstatic.com/images3_spmp/2024/07/29/51/172224889397d7a27123e4178be07ebcd1e7afb2c0_square.jpg"",""https://img.ltwebstatic.com/images3_spmp/2024/07/29/51/1722248893ddcfa10c4936c9c4b03cf442c95a5d79_square.jpg""]",sg2407298567746736,"[{""name"":""Color"",""value"":""Multicolor""},{""name"":""Strap Type"",""value"":""Stretchable""},{""name"":""Shell Type"",""value"":""Hard""}]",39942502,Bags & Luggage,Luggage Sets,SHEIN,"[""32 inch""]"
"1pc Creative Cute Cat Shape Pencil Case,Cartoon School Supplies,Plush Large Capacity Stationery Storage Bag, High Appearance Value, Niche Stationery Box For Students,Perfect Gift, Back To School School Supplies(Random Style)","Free Returns ‚úì Free Shipping‚úì. 1pc Creative Cute Cat Shape Pencil Case,Cartoon School Supplies,Plush Large Capacity Stationery Storage Bag, High Appearance Value, Niche Stationery Box For Students,Perfect Gift, Back To School School Supplies(Random Style)- Make Up Bags at SHEIN.",3.7,3.5,USD,TRUE,Multicolor,Random Style (1 Piece),https://img.ltwebstatic.com/images3_spmp/2024/08/10/83/1723285424fcba39a97be09337334c8b1afd10e611.jpg,US,15,"[""https://img.ltwebstatic.com/images3_spmp/2024/08/10/83/1723285424fcba39a97be09337334c8b1afd10e611.jpg"",""https://img.ltwebstatic.com/images3_spmp/2024/08/10/83/17232854240495953231fe81fa357234d591ba32fe.jpg"",""https://img.ltwebstatic.com/images3_spmp/2024/08/10/83/1723285424d0aa3594c5d16434ccfbe77c1acd56bf.jpg"",""https://img.ltwebstatic.com/images3_spmp/2024/08/10/8d/17232854251fd063ac0ab6b6ac0ca371359e098c68.jpg"",""https://img.ltwebstatic.com/images3_spmp/2024/08/10/83/172328542471e20c4f90482027e38c203b5f50a1b7.jpg"",""https://img.ltwebstatic.com/images3_spmp/2024/08/10/83/172328542480272fd5efe5fa7ea7502a25ac05a0e6.jpg"",""https://img.ltwebstatic.com/images3_spmp/2024/08/10/83/1723285424cd86dd3e95a9229c25c7b232c990c788.jpg"",""https://img.ltwebstatic.com/images3_spmp/2024/08/10/83/17232854242427019a5bf3b8c05295638a0c0b15e2.jpg"",""https://img.ltwebstatic.com/images3_spmp/2024/08/16/ef/1723788820371c58c6d7f9015a4751c54ee344e0cd.jpg"",""https://img.ltwebstatic.com/images3_spmp/2024/08/10/8d/1723285425d35e2f930c46e49567a329f2aa956284.jpg"",""https://img.ltwebstatic.com/images3_spmp/2024/08/10/98/172328542369139907533f7e64c5ee1d8c648b6eea.jpg"",""https://img.ltwebstatic.com/images3_spmp/2024/08/10/b4/172328639583701867b63c86b37d7b8620d7f33586.jpg"",""https://img.ltwebstatic.com/images3_spmp/2024/08/10/98/172328596179547303ec416ee08b47c94ed14e0aae.jpg"",""https://img.ltwebstatic.com/images3_spmp/2024/08/10/98/1723285961541a88b09e0c8fd1bec30efddf111ad3.jpg"",""https://img.ltwebstatic.com/images3_spmp/2024/08/10/98/1723285961c151d27d252eb8bd411bc8b43469a5c7.jpg""]",sg2305124280636263,"[{""name"":""Color"",""value"":""Multicolor""},{""name"":""Pattern Type"",""value"":""Animal""},{""name"":""Pattern Type"",""value"":""Cartoon""},{""name"":""Pattern Type"",""value"":""Colorblock""},{""name"":""Type"",""value"":""Make Up Tool Organizer""},{""name"":""Batteries Included"",""value"":""No""},{""name"":""Power Supply"",""value"":""None""},{""name"":""Closure Type"",""value"":""Drawstring""},{""name"":""Material"",""value"":""Polyester""},{""name"":""Composition"",""value"":""100% Polyester""},{""name"":""Gender"",""value"":""Men""},{""name"":""Gender"",""value"":""Women""}]",40676075,Bags & Luggage,Make Up Bags,SHEIN,"[""Random Style (1 Piece)""]"